Apple Butter Tenderloin,0,pork,"{'Pork Tenderloin': ['Lb', 2], 'Brown Sugar': ['Tbsp', 1], 'Smoked Paprika': ['Tsp', 1], 'Garlic Powder': ['Tsp', 0.5], 'Dry Thyme': ['Tsp', 0.5], 'Apple Butter': ['Cup', 0.75], 'Apple Cider Vinegar': ['Tbsp', 1], 'Whole Grain Mustard': ['Tbsp', 1]}",bbq,None,1
Artichokes a la Barigoule,1,veggie,"{'Artichoke': ['Each', 2], 'Olive Oil': ['Tbsp', 3], 'Yellow Onion': ['Each', 1], 'Carrot': ['Each', 1], 'Garlic': ['Clove', 3], 'White Wine': ['Cup', 0.5], 'Chicken Stock': ['Cup', 0.75], 'Flat-Leaf Parsley': ['Tbsp', 3], 'Fresh Thyme': ['Tsp', 2], 'Bay Leaf': ['Each', 1], 'Unsalted Butter': ['Tbsp', 1]}",new,None,1
Asiago Fettuccine,0,veggie,"{'Garlic': ['Each', 1], 'Olive Oil': ['Tbsp', 2], 'Fettuccine': ['Lb', 0.5], 'Vidalia Onion': ['Each', 0.25], 'Heavy Cream': ['Cup', 1], 'Asiago Cheese': ['Cup', 1]}",new,pasta,1
Asiago Fettuccine Chicken,0,chicken,"{'Chicken Breast': ['Lb', 0.5], 'Garlic': ['Each', 1], 'Olive Oil': ['Tbsp', 2], 'Fettuccine': ['Lb', 0.5], 'Vidalia Onion': ['Each', 0.25], 'Heavy Cream': ['Cup', 1], 'Asiago Cheese': ['Cup', 1]}",new,pasta,1
Asiago Fettuccine Shrimp,0,seafood,"{'Shrimp': ['Lb', 0.5], 'Garlic': ['Each', 1], 'Olive Oil': ['Tbsp', 2], 'Fettuccine': ['Lb', 0.5], 'Vidalia Onion': ['Each', 0.25], 'Heavy Cream': ['Cup', 1], 'Asiago Cheese': ['Cup', 1]}",new,pasta,1
Bang-Bang Chicken,0,chicken,"{'Chicken Breast': ['Lb', 1], 'Buttermilk': ['Cup', 0.5], 'Egg': ['Each', 1], 'All-Purpose Flour': ['Cup', 0.75], 'Cornstarch': ['Cup', 0.25], 'Onion Powder': ['Tsp', 0.5], 'Garlic Powder': ['Tsp', 0.75], 'Chili Powder': ['Tsp', 0.25], 'Panko': ['Cup', 1], 'Mayonnaise': ['Cup', 0.5], 'Sweet Chili Sauce': ['Cup', 0.25], 'Frank Hot Sauce': ['Tbsp', 2], 'White Vinegar': ['Tsp', 1], 'Granulated Sugar': ['Tsp', 0.5]}",new,None,1
Bang-Bang Shrimp,0,seafood,"{'Shrimp': ['Lb', 1], 'Buttermilk': ['Cup', 0.5], 'Egg': ['Each', 1], 'All-Purpose Flour': ['Cup', 0.75], 'Cornstarch': ['Cup', 0.25], 'Onion Powder': ['Tsp', 0.5], 'Garlic Powder': ['Tsp', 0.75], 'Chili Powder': ['Tsp', 0.25], 'Panko': ['Cup', 1], 'Mayonnaise': ['Cup', 0.5], 'Sweet Chili Sauce': ['Cup', 0.25], 'Frank Hot Sauce': ['Tbsp', 2], 'White Vinegar': ['Tsp', 1], 'Granulated Sugar': ['Tsp', 0.5]}",new,None,1
BBQ Pork,1,pork,"{'Pork Shoulder': ['Lb', 5], 'Garlic': ['Clove', 2], 'Garlic Powder': ['Tbsp', 1], 'Paprika': ['Tbsp', 3], 'Brown Sugar': ['Cup', 0.5], 'Dry Mustard': ['Tbsp', 1], 'Apple Cider Vinegar': ['Cup', 1.5], 'Ketchup': ['Cup', 0.5], 'Brown Mustard': ['Cup', 1], 'Cayenne Pepper': ['Tsp', 1], 'Hamburger Bun': ['Each', 2]}",bbq,None,1
Beef Bourguignon Slow Cooker,1,beef,"{'Beef Chuck Roast': ['Lb', 1], 'All-Purpose Flour': ['Tbsp', 1], 'Pearl Onion': ['Dry Oz', 1], 'Carrot': ['Each', 2], 'Garlic': ['Clove', 2], 'Burgundy Red Wine': ['Cup', 1], 'Fresh Thyme': ['Each', 0.5], 'Brown Mushrooms': ['Dry Oz', 4], 'Olive Oil': ['Tbsp', 1], 'Kosher Salt': ['Tsp', 1], 'Cognac': ['Cup', 0.25], 'Beef Stock': ['Cup', 1], 'Tomato Paste': ['Tbsp', 0.5], 'Yellow Onion': ['Each', 0.25], 'Gold Potato': ['Lb', 0.25]}",new,beef stew,1
Beef Bourguinon,1,beef,"{'Beef Chuck Roast': ['Lb', 2], 'All-Purpose Flour': ['Cup', 0.25], 'Butter': ['Tbsp', 4], 'Pearl Onion': ['Dry Oz', 2], 'Carrot': ['Each', 2], 'Garlic': ['Clove', 2], 'Burgundy Red Wine': ['Cup', 2], 'Bay Leaf': ['Each', 1], 'Fresh Thyme': ['Tsp', 1], 'Brown Mushrooms': ['Dry Oz', 8]}",soup,beef stew,1
Beef Bulgogi,0,beef,"{'Flank Steak': ['Lb', 0.75], 'Soy Sauce': ['Tbsp', 2], 'Fuji Apple': ['Each', 0.25], 'Brown Sugar': ['Tbsp', 1.5], 'Dry Sherry': ['Tbsp', 0.5], 'Sesame Oil': ['Tbsp', 0.5], 'Gochujang': ['Tbsp', 0.5], 'Garlic': ['Clove', 2], 'Ginger': ['Tbsp', 0.5], 'Scallion': ['Each', 1.5]}",new,stir fry,1
Beef Stew,0,beef,"{'Beef Chuck Roast': ['Lb', 1], 'Carrot': ['Each', 3], 'Yellow Onion': ['Each', 0.5], 'Gold Potato': ['Each', 4], 'All-Purpose Flour': ['Cup', 0.25], 'Olive Oil': ['Tbsp', 1.5], 'Unsalted Butter': ['Tbsp', 1.5], 'Garlic': ['Clove', 2], 'Tomato Paste': ['Tbsp', 1], 'Red Wine': ['Cup', 0.25], 'Beef Stock': ['Cup', 8], 'Bay Leaf': ['Each', 1], 'Dry Thyme': ['Tsp', 1], 'Paprika': ['Tsp', 0.5], 'Worcestershire Sauce': ['Tbsp', 0.5], 'Granulated Sugar': ['Tsp', 0.5], 'Green Beans': ['Lb', 0.25], 'Flat-Leaf Parsley': ['Tbsp', 2]}",soup,beef stew,2
Beef Stew with Dumplings,1,beef,"{'All-Purpose Flour': ['Cup', 0.75], 'Olive Oil': ['Tbsp', 1.5], 'Unsalted Butter': ['Tbsp', 3.5], 'Beef Chuck Roast': ['Lb', 1], 'Yellow Onion': ['Each', 0.5], 'Garlic': ['Clove', 2], 'Tomato Paste': ['Tbsp', 1], 'Red Wine': ['Cup', 0.25], 'Beef Stock': ['Cup', 8], 'Bay Leaf': ['Each', 1], 'Dry Thyme': ['Tsp', 1.5], 'Paprika': ['Tsp', 0.5], 'Worcestershire Sauce': ['Tbsp', 0.5], 'Granulated Sugar': ['Tsp', 1], 'Carrot': ['Each', 2], 'Gold Potato': ['Each', 4], 'Green Beans': ['Lb', 0.25], 'Flat-Leaf Parsley': ['Tbsp', 2], 'Baking Powder': ['Tsp', 0.75], 'Milk': ['Cup', 0.25]}",soup,beef stew,2
Beef Stroganoff,0,beef,"{'Flank Steak': ['Lb', 0.5], 'Unsalted Butter': ['Tbsp', 2], 'Brown Mushrooms': ['Dry Oz', 8], 'Yellow Onion': ['Each', 0.5], 'Vegetable Oil': ['Tsp', 1], 'White Wine': ['Cup', 0.5], 'Beef Stock': ['Cup', 1], 'Worcestershire Sauce': ['Tsp', 1], 'Bay Leaf': ['Each', 1], 'All-Purpose Flour': ['Tbsp', 1], 'Sour Cream': ['Cup', 0.5], 'Egg Noodles': ['Dry Oz', 12]}",new,None,1
Beef with Broccoli,0,beef,"{'Soy Sauce': ['Tbsp', 0.66], 'Chicken Stock': ['Cup', 0.5], 'Honey': ['Cup', 0.25], 'Rice Wine Vinegar': ['Tbsp', 2], 'Brown Sugar': ['Tbsp', 2], 'Garlic': ['Clove', 3], 'Sesame Oil': ['Tbsp', 1], 'Cornstarch': ['Tbsp', 1], 'Ground Ginger': ['Tsp', 1], 'Red Pepper Flakes': ['Tsp', 0.25], 'Olive Oil': ['Tbsp', 1], 'Flank Steak': ['Lb', 0.5], 'Broccoli': ['Each', 1]}",stir fry,None,2
Beer-Battered Fish,1,seafood,"{'Beer': ['Oz', 12], 'All-Purpose Flour': ['Cup', 2.5], 'Baking Powder': ['Tsp', 1], 'Egg': ['Each', 1], 'Cod Fillet': ['Lb', 1]}",new,fried,1
Bigos,1,pork,"{'Olive Oil': ['Tbsp', 1], 'Pork Shoulder': ['Lb', 0.25], 'Kielbasa Polska': ['Lb', 0.25], 'Bacon': ['Strip', 2], 'Yellow Onion': ['Each', 0.25], 'Carrot': ['Each', 2], 'Crimini Mushrooms': ['Lb', 0.25], 'Garlic': ['Clove', 2], 'Cabbage': ['Each', 0.25], 'Sauerkraut': ['Dry Oz', 7], 'Diced Tomatoes': ['Oz', 3], 'Beef Stock': ['Cup', 1], 'Dry Thyme': ['Tsp', 0.5], 'Dry Marjoram': ['Tsp', 0.5], 'Ground Allspice': ['Tsp', 0.25], 'Bay Leaf': ['Each', 1], 'Paprika': ['Tbsp', 0.5], 'Cayenne Pepper': ['Tsp', 0.13], 'Caraway Seed': ['Tsp', 0.25], 'Kosher Salt': ['Tsp', 1], 'Pitted Prune': ['Cup', 0.5]}",new,soup,1
Black Pepper Beef with Asparagus,0,beef,"{'Flank Steak': ['Lb', 0.5], 'Garlic Powder': ['Tsp', 1], 'Asparagus': ['Lb', 1], 'Garlic': ['Clove', 3], 'Sesame Oil': ['Tbsp', 2], 'Rice Vinegar': ['Tbsp', 4], 'Soy Sauce': ['Tbsp', 8], 'Oyster Sauce': ['Tsp', 2], 'Onion Powder': ['Tsp', 1], 'Garlic Powder': ['Tsp', 2]}",new,stir fry,1
Black Pepper Chicken with Asparagus,0,chicken,"{'Chicken Breast': ['Lb', 1], 'Garlic Powder': ['Tsp', 1], 'Asparagus': ['Lb', 1], 'Garlic': ['Clove', 3], 'Sesame Oil': ['Tbsp', 2], 'Rice Vinegar': ['Tbsp', 4], 'Soy Sauce': ['Tbsp', 8], 'Oyster Sauce': ['Tsp', 2], 'Onion Powder': ['Tsp', 1], 'Garlic Powder': ['Tsp', 2]}",new,stir fry,1
Black Pepper Pork with Asparagus,0,pork,"{'Pork Tenderloin': ['Lb', 0.5], 'Garlic Powder': ['Tsp', 1], 'Asparagus': ['Lb', 1], 'Garlic': ['Clove', 3], 'Sesame Oil': ['Tbsp', 2], 'Rice Vinegar': ['Tbsp', 4], 'Soy Sauce': ['Tbsp', 8], 'Oyster Sauce': ['Tsp', 2], 'Onion Powder': ['Tsp', 1], 'Garlic Powder': ['Tsp', 2]}",new,stir fry,1
Braised Short Ribs,1,beef,"{'Olive Oil': ['Tbsp', 2], 'Beef Short Ribs': ['Lb', 2.5], 'Yellow Onion': ['Each', 0.5], 'Celery': ['Rib', 1], 'Carrot': ['Each', 2], 'Garlic': ['Clove', 1], 'Tomato Paste': ['Oz', 6], 'Red Wine': ['Cup', 1.25], 'Fresh Thyme': ['Tsp', 2], 'Bay Leaf': ['Each', 1]}",new,bbq,1
Bun Thit Nuong Cha Gio,1,pork,"{'Pork Tenderloin': ['Dry Oz', 12], 'Lemongrass': ['Each', 1], 'Garlic': ['Clove', 2], 'Soy Sauce': ['Tbsp', 3], 'Fish Sauce': ['Tbsp', 4], 'Honey': ['Tbsp', 1.5], 'Brown Sugar': ['Tbsp', 1], 'Granulated Sugar': ['Tbsp', 3], 'Lime Juice': ['Tbsp', 1.5], 'Thai Red Chili': ['Each', 2], 'Vermicelli': ['Dry Oz', 6], 'Spring Roll': ['Each', 4], 'Lettuce': ['Each', 1], 'Carrot': ['Each', 1], 'Cucumber': ['Each', 1], 'Canola Oil': ['Tbsp', 2]}",new,None,1
Burgers,0,beef,"{'Hamburger': ['Each', 2], 'American Cheese': ['Slice', 2], 'Hamburger Bun': ['Each', 2], 'French Fries': ['Each', 0.5]}",burgers,None,1
Butter Chicken,0,chicken,"{'Olive Oil': ['Tbsp', 1], 'Yellow Onion': ['Each', 0.25], 'Garlic': ['Clove', 4], 'Ginger': ['Tbsp', 2], 'Butter': ['Tbsp', 2], 'Chicken Stock': ['Cup', 0.75], 'Ground Cinnamon': ['Tsp', 2], 'Kosher Salt': ['Tsp', 1.5], 'Ground Cumin': ['Tsp', 2], 'Garam Masala': ['Tsp', 2], 'Turmeric': ['Tsp', 1], 'Chicken Breast': ['Each', 3], 'Lemon Juice': ['Tbsp', 2], 'Heavy Cream': ['Cup', 1]}",new,curry,1
Buttermilk Popcorn Chicken,1,chicken,"{'Chicken Breast': ['Lb', 1.5], 'Buttermilk': ['Cup', 1], 'Kosher Salt': ['Tbsp', 1.5], 'Egg': ['Each', 2], 'Cornstarch': ['Cup', 0.25], 'Garlic Powder': ['Tsp', 3], 'Onion Powder': ['Tsp', 1], 'Paprika': ['Tsp', 1], 'Cayenne Pepper': ['Tsp', 1], 'Ground Cumin': ['Tsp', 0.5], 'Sesame Seed': ['Tsp', 3], 'Sour Cream': ['Cup', 0.5], 'Mayonnaise': ['Cup', 0.25], 'Honey': ['Tsp', 3], 'Sesame Oil': ['Tsp', 4], 'Soy Sauce': ['Tsp', 3], 'Sriracha': ['Tsp', 3]}",new,fried,1
Cabbage Sauteed with Chicken,0,chicken,"{'Olive Oil': ['Tbsp', 1.5], 'Chicken Thigh': ['Lb', 1], 'Cabbage': ['Each', 1], 'Paprika': ['Tbsp', 0.5], 'Tomato Paste': ['Tbsp', 1], 'Chicken Stock': ['Cup', 0.5]}",new,stir fry,1
Caesar Salad,0,veggie,"{'French Loaf': ['Each', 0.5], 'Olive Oil': ['Tbsp', 1], 'Romaine Heart': ['Each', 1], 'Shredded Parmesan': ['Tbsp', 4], 'Mayonnaise': ['Cup', 0.33], 'Lemon Juice': ['Tsp', 2.25], 'Dijon Mustard': ['Tsp', 0.5], 'Worcestershire Sauce': ['Tsp', 0.4], 'Anchovies': ['Each', 2], 'Garlic': ['Clove', 1]}",new,None,1
Carnitas,0,pork,"{'Orange': ['Each', 1], 'Lime': ['Each', 1], 'Yellow Onion': ['Each', 1], 'Garlic': ['Clove', 3], 'Tomato Paste': ['Tbsp', 4], 'Ground Cumin': ['Tsp', 1], 'Chili Powder': ['Tsp', 1], 'Oregano': ['Tsp', 1], 'Pork Shoulder': ['Lb', 5]}",tacos,None,1
Cheese Steaks,0,beef,"{'Chip Steak': ['Each', 6], 'Sub Roll': ['Each', 2], 'American Cheese': ['Slice', 2], 'Yellow Onion': ['Each', 0.25], 'French Fries': ['Each', 0.5]}",sandwich,None,2
Chicken and Potato Stew,0,chicken,"{'Canola Oil': ['Cup', 0.25], 'Chicken Thigh': ['Lb', 0.5], 'White Onion': ['Each', 0.25], 'Carrot': ['Each', 1], 'Red Bell Pepper': ['Each', 0.5], 'Ground Cumin': ['Tsp', 0.5], 'Dry Thyme': ['Tsp', 0.5], 'Garlic': ['Clove', 3], 'Chipotle Chiles': ['Oz', 1], 'Jalapeno Chile': ['Each', 0.5], 'Gold Potato': ['Lb', 0.5], 'Chicken Stock': ['Cup', 2], 'Crushed Tomatoes': ['Oz', 7], 'Capers': ['Tbsp', 1], 'Lime': ['Each', 1]}",new,chicken soup,1
Chicken Chasseur,1,chicken,"{'Chicken Thigh Skin-on': ['Lb', 2], 'All-Purpose Flour': ['Tbsp', 2], 'Olive Oil': ['Tbsp', 1], 'Butter': ['Tbsp', 0.5], 'Shallot': ['Each', 1], 'Brown Mushrooms': ['Lb', 0.25], 'Garlic': ['Clove', 2], 'Tomato Paste': ['Tbsp', 1], 'White Wine': ['Cup', 0.5], 'Fresh Thyme': ['Tsp', 1], 'Bay Leaf': ['Each', 2], 'Chicken Stock': ['Cup', 1.5], 'Cornflour': ['Tbsp', 1], 'Curly Parsley': ['Tbsp', 4]}",new,None,1
Chicken Curry with Rice,0,chicken,"{'Chicken Breast': ['Lb', 1], 'Yellow Curry Powder': ['Tbsp', 1], 'Garlic Powder': ['Tsp', 1.5], 'Ground Ginger': ['Tsp', 1], 'Broccoli': ['Each', 1], 'Coconut Oil': ['Tbsp', 2], 'Rice': ['Cup', 1]}",curry,None,2
Chicken Enchilada,0,chicken,"{'Chicken Breast': ['Lb', 1], 'Enchilada Sauce': ['Oz', 14], 'Corn Tortilla': ['Each', 6], 'Monterey Cheese': ['Cup', 3]}",new,casserole,1
Chicken Fried Steak Bites,1,beef,"{'Cube Steak': ['Lb', 1], 'Egg': ['Each', 1], 'Milk': ['Cup', 0.5], 'All-Purpose Flour': ['Cup', 2.25], 'Kosher Salt': ['Tbsp', 1.5], 'Paprika': ['Tsp', 0.5], 'Turmeric': ['Tsp', 0.13], 'Onion Powder': ['Tsp', 0.13], 'Garlic Powder': ['Tsp', 0.13], 'Cornstarch': ['Tsp', 0.13], 'Vegetable Oil': ['Cup', 4], 'Whole Milk': ['Cup', 3]}",new,fried,1
Chicken Mango Curry,1,chicken,"{'Coconut Oil': ['Tbsp', 2], 'Yellow Onion': ['Each', 1], 'Chicken Breast': ['Lb', 1], 'Yellow Curry Powder': ['Tbsp', 1], 'Cayenne Pepper': ['Tsp', 1], 'Garlic': ['Clove', 4], 'Ginger': ['Each', 1], 'Zucchini': ['Each', 2], 'Broccoli': ['Each', 1], 'Coconut Milk': ['Oz', 14], 'Mango': ['Each', 1], 'Lime': ['Each', 1], 'Rice': ['Cup', 1]}",curry,None,1
Chicken Noodle Soup,0,chicken,"{'Chicken Breast': ['Lb', 1], 'Chicken Stock': ['Cup', 2], 'Bay Leaf': ['Each', 1], 'Peppercorns': ['Tsp', 0.25], 'Garlic': ['Clove', 1], 'Carrot': ['Each', 2], 'Celery': ['Rib', 1], 'Fresh Thyme': ['Tsp', 0.5], 'Flat-Leaf Parsley': ['Tbsp', 0.5], 'Kosher Salt': ['Tsp', 1], 'Olive Oil': ['Tbsp', 0.5], 'Vidalia Onion': ['Each', 0.25], 'Egg Noodles': ['Dry Oz', 3]}",soup,chicken soup,2
Chicken Noodle Soup with Fennel,0,chicken,"{'Chicken Breast': ['Lb', 1], 'Chicken Stock': ['Cup', 2], 'Bay Leaf': ['Each', 1], 'Peppercorns': ['Tsp', 0.25], 'Garlic': ['Clove', 1], 'Carrot': ['Each', 2], 'Celery': ['Rib', 1], 'Fennel': ['Each', 0.25], 'Fresh Thyme': ['Tsp', 0.5], 'Flat-Leaf Parsley': ['Tbsp', 0.5], 'Kosher Salt': ['Tsp', 1], 'Olive Oil': ['Tbsp', 0.5], 'Vidalia Onion': ['Each', 0.25], 'Egg Noodles': ['Dry Oz', 3]}",new,chicken soup,1
Chicken Paprikash,1,chicken,"{'Sour Cream': ['Cup', 0.5], 'Chicken Thigh Skin-on': ['Each', 6], 'Yellow Onion': ['Each', 1], 'Garlic': ['Clove', 4], 'Unsalted Butter': ['Tbsp', 3], 'Paprika': ['Tbsp', 3], 'Cayenne Pepper': ['Tsp', 0.25], 'Crushed Tomatoes': ['Oz', 15], 'Egg Noodles': ['Dry Oz', 12]}",None,None,2
Chicken Pot Pie,1,chicken,"{'Butter': ['Cup', 0.5], 'Carrot': ['Each', 2], 'Celery': ['Rib', 2], 'Yellow Onion': ['Each', 0.5], 'All-Purpose Flour': ['Cup', 0.5], 'Celery Seed': ['Tsp', 0.5], 'Garlic Powder': ['Tsp', 1], 'Fresh Thyme': ['Tsp', 1], 'Whole Milk': ['Cup', 1], 'Chicken Stock': ['Cup', 2], 'Chicken Breast': ['Each', 3], 'Puff Pastry': ['Each', 1], 'Egg': ['Each', 1]}",new,pie,1
Chicken Salad,0,chicken,"{'Chicken Breast': ['Each', 2], 'Mayonnaise': ['Cup', 1], 'Lemon Juice': ['Tsp', 2], 'Celery': ['Rib', 1]}",new,None,1
Chicken Wild Rice Soup,0,chicken,"{'Olive Oil': ['Tbsp', 1], 'Butter': ['Tbsp', 0.5], 'Yellow Onion': ['Each', 0.5], 'Carrot': ['Each', 2], 'Celery': ['Rib', 1], 'All-Purpose Flour': ['Tbsp', 2], 'Dry Sherry': ['Tbsp', 2], 'Fresh Thyme': ['Tbsp', 0.5], 'Paprika': ['Tsp', 0.5], 'Chicken Stock': ['Cup', 3], 'Chicken Breast': ['Each', 1], 'Wild Rice': ['Cup', 1.5], 'Whole Milk': ['Cup', 0.5]}",new,chicken soup,1
Chicken with Broccoli,0,chicken,"{'Soy Sauce': ['Tbsp', 0.66], 'Chicken Stock': ['Cup', 0.5], 'Honey': ['Cup', 0.25], 'Rice Wine Vinegar': ['Tbsp', 2], 'Brown Sugar': ['Tbsp', 2], 'Garlic': ['Clove', 3], 'Sesame Oil': ['Tbsp', 1], 'Cornstarch': ['Tbsp', 1], 'Ground Ginger': ['Tsp', 1], 'Red Pepper Flakes': ['Tsp', 0.25], 'Olive Oil': ['Tbsp', 1], 'Chicken Breast': ['Lb', 1], 'Broccoli': ['Each', 1]}",stir fry,None,2
Chicken with Sage Dumplings,1,chicken,"{'Whole Chicken': ['Each', 1], 'Yellow Onion': ['Each', 1], 'Whole Cloves': ['Each', 4], 'Carrot': ['Each', 3], 'Celery': ['Rib', 2], 'Garlic': ['Clove', 2], 'Curly Parsley': ['Tbsp', 1], 'Bay Leaf': ['Each', 1], 'Dry Thyme': ['Tsp', 1], 'Peppercorns': ['Tsp', 0.25], 'Chicken Stock': ['Cup', 4], 'Whole Milk': ['Cup', 2.25], 'Butter': ['Tbsp', 4], 'All-Purpose Flour': ['Cup', 2.25], 'Baking Powder': ['Tsp', 2], 'Fresh Sage': ['Tbsp', 1], 'Shortening': ['Tbsp', 4]}",None,None,1
Chik-fil-a Chicken Nuggets,0,chicken,"{'Chicken Breast': ['Each', 2], 'Egg': ['Each', 2], 'Milk': ['Cup', 1], 'All-Purpose Flour': ['Cup', 2], 'Kosher Salt': ['Tsp', 4], 'Paprika': ['Tbsp', 1], 'Canola Oil': ['Cup', 8], 'Dijon Mustard': ['Cup', 0.5], 'Honey': ['Cup', 0.25]}",new,fried,1
Chik-fil-a Sandwich,0,chicken,"{'Hamburger Bun': ['Each', 4], 'Lettuce': ['Lb', 0.2], 'Dill Pickle Slices': ['Each', 20], 'Chicken Breast': ['Each', 2], 'Milk': ['Cup', 1.5], 'Peanut Oil': ['Cup', 1], 'Egg': ['Each', 1], 'All-Purpose Flour': ['Cup', 0.5], 'Confectioners Sugar': ['Tbsp', 1]}",new,burgers,1
Chinese Meat Pie,1,beef,"{'Ground Beef': ['Lb', 0.33], 'Scallion': ['Each', 1], 'Sichuan Peppercorn Powder': ['Tsp', 0.25], 'Kosher Salt': ['Tsp', 0.25], 'Green Onion': ['Each', 1], 'Ginger': ['Each', 0.25], 'Light Soy Sauce': ['Tbsp', 0.5], 'Egg': ['Each', 0.5], 'Oyster Sauce': ['Tbsp', 0.5], 'Sesame Oil': ['Tbsp', 0.5], 'Granulated Sugar': ['Tsp', 0.25], 'Shaoxing': ['Tbsp', 0.5], 'White Onion': ['Each', 0.25], 'All-Purpose Flour': ['Cup', 1], 'Vegetable Oil': ['Tbsp', 0.5]}",new,dumplings,1
Chorizo Burritos,0,pork,"{'Red Potato': ['Dry Oz', 10], 'Chorizo': ['Dry Oz', 6], 'Poblano Chile': ['Each', 1], 'Olive Oil': ['Tsp', 2], 'Burrito Tortilla': ['Each', 4], 'Queso Fresco': ['Dry Oz', 2]}",tacos,None,1
Chow Fun Noodles with Beef,0,beef,"{'Sirloin': ['Lb', 0.75], 'Cornstarch': ['Tbsp', 2], 'Granulated Sugar': ['Tsp', 2], 'Kosher Salt': ['Tsp', 0.5], 'Rice Noodles': ['Dry Oz', 8], 'Vegetable Oil': ['Tbsp', 3], 'Yellow Onion': ['Each', 1], 'Red Bell Pepper': ['Each', 1], 'Scallion': ['Each', 3], 'Dark Soy Sauce': ['Tbsp', 3], 'Sesame Oil': ['Tsp', 1]}",new,stir fry,1
Clam Chowder,0,seafood,"{'Bacon': ['Strip', 8], 'Butter': ['Tbsp', 2], 'Celery': ['Rib', 2], 'Leek': ['Each', 1], 'Yellow Onion': ['Each', 1], 'Garlic': ['Clove', 3], 'Gold Potato': ['Each', 4], 'Chicken Stock': ['Cup', 1], 'Clam Juice': ['Each', 1], 'White Pepper': ['Tsp', 0.5], 'Dry Thyme': ['Tsp', 0.5], 'All-Purpose Flour': ['Cup', 0.33], 'Half-and-Half': ['Cup', 2], 'Clams': ['Each', 3], 'Bay Leaf': ['Each', 1]}",soup,potato soup,1
Coconut Curry Ramen,0,veggie,"{'Red Curry Paste': ['Tbsp', 0.5], 'Lemongrass Paste': ['Tbsp', 0.5], 'Ginger Paste': ['Tsp', 1], 'Garlic': ['Clove', 1], 'Coconut Milk': ['Oz', 7], 'Vegetable Stock': ['Cup', 0.33], 'Fresh Ramen': ['Each', 2]}",new,soup,1
Coconut Turmeric Chicken Soup,0,chicken,"{'Yellow Onion': ['Each', 0.5], 'Garlic': ['Clove', 1], 'Ginger': ['Tbsp', 0.25], 'Coconut Oil': ['Tbsp', 1], 'Turmeric': ['Tbsp', 0.25], 'Ground Cumin': ['Tsp', 0.25], 'Red Pepper Flakes': ['Tsp', 0.13], 'Carrot': ['Each', 2], 'Celery': ['Rib', 2], 'Chicken Breast': ['Lb', 0.5], 'Chicken Stock': ['Cup', 2], 'Coconut Milk': ['Oz', 7], 'Kosher Salt': ['Tsp', 0.5]}",new,chicken soup,1
Cod with Gnocchi,0,seafood,"{'Cod Fillet': ['Each', 2], 'Butter': ['Tbsp', 2], 'Olive Oil': ['Tbsp', 1], 'Zucchini': ['Each', 1], 'Gnocchi': ['Lb', 0.5], 'Chicken Stock': ['Cup', 0.5], 'Lemon': ['Each', 1], 'Parmesan Cheese': ['Cup', 0.33]}",new,None,1
Coq au Vin,1,chicken,"{'Bacon': ['Strip', 8], 'Chicken Thigh Skin-on': ['Each', 8], 'Garlic': ['Clove', 4], 'Shallot': ['Each', 4], 'Dry Thyme': ['Tsp', 2], 'Bay Leaf': ['Each', 1], 'Tomato Paste': ['Tbsp', 2], 'Chicken Stock': ['Cup', 4], 'Red Wine': ['Cup', 1.5], 'Carrot': ['Each', 3], 'Butter': ['Tbsp', 3], 'All-Purpose Flour': ['Cup', 0.25], 'Crimini Mushrooms': ['Dry Oz', 8]}",None,None,1
Corned Beef with Cabbage,1,beef,"{'Corned Beef Brisket': ['Lb', 3], 'Red Potato': ['Each', 10], 'Carrot': ['Each', 5], 'Cabbage': ['Each', 1]}",soup,beef stew,1
Cottage Pie,1,beef,"{'Olive Oil': ['Tbsp', 1], 'Ground Beef': ['Lb', 1.5], 'Yellow Onion': ['Each', 1], 'Carrot': ['Each', 2], 'Celery': ['Rib', 3], 'Garlic': ['Clove', 3], 'All-Purpose Flour': ['Cup', 0.25], 'Tomato Paste': ['Tbsp', 1], 'Dry Thyme': ['Tsp', 0.25], 'Paprika': ['Tsp', 0.5], 'Beef Stock': ['Cup', 1], 'Red Wine': ['Cup', 0.75], 'Worcestershire Sauce': ['Tbsp', 4], 'Bay Leaf': ['Each', 2], 'Gold Potato': ['Each', 4], 'Milk': ['Cup', 0.75], 'Butter': ['Tbsp', 2]}",pie,None,1
Crab Alfredo Pasta,0,seafood,"{'Alfredo Sauce': ['Cup', 2], 'Lump Crab Meat': ['Each', 0.5], 'Fettuccine': ['Lb', 0.5]}",new,pasta,1
Creamy Roasted Tomato Soup,1,veggie,"{'Roma Tomato': ['Lb', 0.5], 'Cherry Tomato': ['Lb', 0.25], 'Garlic': ['Clove', 2], 'Olive Oil': ['Tbsp', 1], 'Yellow Onion': ['Each', 0.25], 'Red Bell Pepper': ['Each', 0.25], 'Russet Potato': ['Each', 0.25], 'Tomato Paste': ['Tbsp', 1], 'Vegetable Stock': ['Cup', 1], 'Fresh Basil': ['Cup', 0.5]}",new,soup,1
Dimlama,1,beef,"{'Beef Chuck Roast': ['Lb', 2], 'Ghee': ['Tbsp', 2], 'Cumin Seeds': ['Tsp', 1.5], 'Yellow Onion': ['Each', 1], 'Gold Potato': ['Each', 5], 'Carrot': ['Each', 3], 'Garlic': ['Each', 1], 'Fresh Dill': ['Tbsp', 2], 'Cabbage': ['Each', 1], 'Roma Tomato': ['Each', 2]}",soup,beef stew,1
Drunken Noodles,0,chicken,"{'Chicken Breast': ['Dry Oz', 12], 'Soy Sauce': ['Tsp', 1], 'Canola Oil': ['Tsp', 1], 'Cornstarch': ['Tsp', 2], 'Rice Noodles': ['Dry Oz', 8], 'Brown Sugar': ['Tsp', 1.5], 'Soy Sauce': ['Tsp', 2], 'Dark Soy Sauce': ['Tsp', 1], 'Fish Sauce': ['Tbsp', 1], 'Oyster Sauce': ['Tsp', 2], 'White Pepper': ['Tsp', 0.13], 'Canola Oil': ['Tbsp', 3], 'Garlic': ['Clove', 3], 'Ginger': ['Tsp', 0.25], 'Green Onion': ['Each', 2], 'Scallion': ['Each', 1], 'Thai Red Chili': ['Each', 4], 'Thai Basil': ['Cup', 0.5], 'Baby Corn': ['Dry Oz', 7], 'Shaoxing': ['Tsp', 2]}",new,stir fry,1
Fajitas Chicken,0,chicken,"{'Fajita Blend': ['Tbsp', 2], 'Chicken Breast': ['Lb', 1], 'Lime': ['Each', 1], 'Olive Oil': ['Cup', 0.25], 'Yellow Bell Pepper': ['Each', 1], 'Poblano Chile': ['Each', 1], 'Yellow Onion': ['Each', 1], 'Flour Tortilla': ['Each', 6]}",tacos,None,2
Fajitas Pork,0,pork,"{'Fajita Blend': ['Tbsp', 2], 'Pork Chop': ['Each', 4], 'Lime': ['Each', 1], 'Olive Oil': ['Cup', 0.25], 'Yellow Bell Pepper': ['Each', 1], 'Poblano Chile': ['Each', 1], 'Yellow Onion': ['Each', 1], 'Flour Tortilla': ['Each', 6]}",tacos,None,2
Fajitas Shrimp,0,seafood,"{'Fajita Blend': ['Tbsp', 2], 'Shrimp': ['Lb', 1], 'Lime': ['Each', 1], 'Olive Oil': ['Cup', 0.25], 'Yellow Bell Pepper': ['Each', 1], 'Poblano Chile': ['Each', 1], 'Yellow Onion': ['Each', 1], 'Flour Tortilla': ['Each', 6]}",tacos,None,1
Flautas Beef,0,beef,"{'Beef Chuck Roast': ['Lb', 0.5], 'Corn Tortilla': ['Each', 12], 'Lettuce': ['Lb', 0.1], 'Shredded Cheddar': ['Cup', 1], 'Canola Oil': ['Cup', 0.25]}",new,tacos,1
Flautas Chicken,0,chicken,"{'Chicken Breast': ['Lb', 0.5], 'Corn Tortilla': ['Each', 12], 'Lettuce': ['Lb', 0.1], 'Shredded Cheddar': ['Cup', 1], 'Canola Oil': ['Cup', 0.25]}",new,tacos,1
Flautas Pork,0,pork,"{'Pork Tenderloin': ['Lb', 0.5], 'Corn Tortilla': ['Each', 12], 'Lettuce': ['Lb', 0.1], 'Shredded Cheddar': ['Cup', 1], 'Canola Oil': ['Cup', 0.25]}",new,tacos,1
French Dip Sandwiches,0,beef,"{'Olive Oil': ['Tbsp', 1], 'Beef Chuck Roast': ['Lb', 0.66], 'Yellow Onion': ['Each', 0.5], 'French Onion Soup': ['Each', 0.33], 'Beef Stock': ['Cup', 0.66], 'Garlic Powder': ['Tsp', 0.5], 'Sub Roll': ['Each', 2], 'Provolone Cheese Slice': ['Each', 2]}",new,sandwich,1
French Onion Soup,1,veggie,"{'Yellow Onion': ['Each', 2], 'Granulated Sugar': ['Tsp', 0.5], 'Beef Stock': ['Cup', 3.5], 'French Loaf': ['Each', 0.5], 'Gruyere Cheese': ['Cup', 1]}",new,soup,1
Fried Haddock,0,seafood,"{'Haddock Fillet': ['Lb', 1.5], 'All-Purpose Flour': ['Cup', 0.25], 'Panko': ['Cup', 1.5], 'Flat-Leaf Parsley': ['Tbsp', 3], 'Egg': ['Each', 2], 'Mayonnaise': ['Tbsp', 3], 'Creole Seasoning': ['Tsp', 1.5]}",new,None,1
Fried Rice Beef,0,beef,"{'Flank Steak': ['Lb', 0.5], 'Rice': ['Cup', 2], 'Canola Oil': ['Tbsp', 2], 'Stir Fry Sauce': ['Tbsp', 3], 'Napa Cabbage': ['Leaf', 3], 'Bok Choy': ['Leaf', 2]}",stir fry,None,2
Fried Rice Chicken,0,chicken,"{'Chicken Breast': ['Lb', 1], 'Rice': ['Cup', 2], 'Canola Oil': ['Tbsp', 2], 'Stir Fry Sauce': ['Tbsp', 3], 'Napa Cabbage': ['Leaf', 3], 'Bok Choy': ['Leaf', 2]}",stir fry,None,2
Fried Rice Pork,0,pork,"{'Pork Chop': ['Each', 3], 'Rice': ['Cup', 2], 'Canola Oil': ['Tbsp', 2], 'Stir Fry Sauce': ['Tbsp', 3], 'Napa Cabbage': ['Leaf', 3], 'Bok Choy': ['Leaf', 2]}",stir fry,None,2
Fried Rice Shrimp,0,seafood,"{'Shrimp': ['Lb', 0.25], 'Rice': ['Cup', 2], 'Canola Oil': ['Tbsp', 2], 'Stir Fry Sauce': ['Tbsp', 3], 'Napa Cabbage': ['Leaf', 3], 'Bok Choy': ['Leaf', 2]}",stir fry,None,1
Fried Rice Veggie,0,veggie,"{'Rice': ['Cup', 2], 'Canola Oil': ['Tbsp', 2], 'Stir Fry Sauce': ['Tbsp', 3], 'Napa Cabbage': ['Leaf', 4], 'Bok Choy': ['Leaf', 3], 'Carrot': ['Each', 1], 'Baby Corn': ['Dry Oz', 7]}",stir fry,None,2
Garlic Bacon Pasta,0,pork,"{'Spaghetti': ['Lb', 1], 'Bacon': ['Strip', 4], 'Shredded Parmesan': ['Cup', 1], 'Olive Oil': ['Tbsp', 3], 'Butter': ['Tbsp', 3], 'Garlic': ['Clove', 3], 'Red Pepper Flakes': ['Tsp', 0.5]}",new,pasta,1
Garlic Butter Salmon,0,seafood,"{'Salmon Fillet': ['Dry Oz', 12], 'Broccoli': ['Each', 1], 'Garlic': ['Clove', 4], 'Unsalted Butter': ['Tbsp', 6], 'Oregano': ['Tsp', 0.5], 'Dry Thyme': ['Tsp', 0.5], 'Dry Rosemary': ['Tsp', 0.5]}",new,None,1
Green Tomatillo Chicken Enchilada,1,chicken,"{'Corn Tortilla': ['Each', 10], 'Canola Oil': ['Cup', 0.25], 'Chicken Breast': ['Each', 2], 'Bay Leaf': ['Each', 1], 'Tomatillo': ['Lb', 0.5], 'Jalapeno Chile': ['Each', 1], 'Garlic': ['Clove', 1], 'White Onion': ['Each', 0.75], 'Sour Cream': ['Cup', 0.5], 'Queso Fresco': ['Cup', 0.5], 'Lime': ['Each', 1]}",new,casserole,1
Gruyere and Cheddar Mac and Cheese,1,veggie,"{'Macaroni': ['Lb', 0.5], 'Olive Oil': ['Tbsp', 1], 'Unsalted Butter': ['Tbsp', 2], 'All-Purpose Flour': ['Cup', 0.13], 'Milk': ['Cup', 1], 'Half-and-Half': ['Cup', 0.5], 'Ground Nutmeg': ['Tsp', 0.13], 'Gruyere Cheese': ['Cup', 0.75], 'White Cheddar': ['Cup', 0.75], 'Shredded Parmesan': ['Cup', 0.25], 'Panko': ['Cup', 0.25]}",new,None,1
Gyoza Soup,1,pork,"{'Gyoza Wrappers': ['Each', 20], 'Ground Pork': ['Lb', 0.5], 'Napa Cabbage': ['Leaf', 3], 'Green Onion': ['Each', 0.25], 'Soy Sauce': ['Tsp', 4], 'Sake': ['Tbsp', 1], 'Sesame Oil': ['Tsp', 4], 'Ginger Paste': ['Tbsp', 0.5], 'Ginger': ['Each', 0.25], 'Sesame Seed': ['Tsp', 2], 'Chicken Bone Broth': ['Cup', 5]}",new,soup,1
Gyudon Beef Bowls,0,beef,"{'Flank Steak': ['Lb', 0.33], 'Yellow Onion': ['Each', 0.5], 'Pickled Ginger': ['Tbsp', 1], 'Scallion': ['Each', 0.5], 'Rice': ['Cup', 3], 'Olive Oil': ['Tbsp', 0.5], 'Dashi Powder': ['Tsp', 1], 'Granulated Sugar': ['Tsp', 2], 'Sake': ['Tbsp', 1], 'Mirin': ['Tbsp', 1], 'Soy Sauce': ['Tbsp', 2]}",new,None,1
Haluski Noodles,0,pork,"{'Egg Noodles': ['Dry Oz', 8], 'Bacon': ['Strip', 4], 'Butter': ['Tbsp', 4], 'Yellow Onion': ['Each', 0.5], 'Cabbage': ['Each', 0.5]}",pasta,None,2
Herb Roasted Chicken,0,chicken,"{'Butter': ['Tbsp', 3], 'Garlic': ['Clove', 2], 'Dry Basil': ['Tsp', 1], 'Dry Thyme': ['Tsp', 1], 'Dry Rosemary': ['Tsp', 1], 'Chicken Breast': ['Each', 2]}",new,None,1
Hot Dogs,0,pork,"{'Hot Dog': ['Each', 2], 'Hot Dog Bun': ['Each', 2], 'French Fries': ['Each', 0.5]}",hot dog,None,2
Hungarian Mushroom Soup,0,veggie,"{'Butter': ['Tbsp', 2], 'Yellow Onion': ['Each', 0.5], 'Brown Mushrooms': ['Lb', 0.5], 'Chicken Stock': ['Cup', 1], 'White Wine': ['Cup', 0.25], 'Dillweed': ['Tsp', 1], 'Fresh Thyme': ['Tsp', 1], 'Paprika': ['Tsp', 1], 'Soy Sauce': ['Tbsp', 1], 'Milk': ['Cup', 0.5], 'All-Purpose Flour': ['Tbsp', 2], 'Sour Cream': ['Cup', 0.13], 'Lemon Juice': ['Tbsp', 1], 'Flat-Leaf Parsley': ['Tbsp', 1]}",new,soup,1
Japanese Curry Beef,1,beef,"{'Beef Chuck Roast': ['Lb', 0.5], 'Carrot': ['Each', 1], 'Yellow Onion': ['Each', 0.5], 'Russet Potato': ['Each', 1], 'Ginger': ['Each', 0.5], 'Garlic': ['Clove', 1], 'Canola Oil': ['Tbsp', 0.75], 'Chicken Stock': ['Cup', 2], 'Fuji Apple': ['Each', 0.5], 'Honey': ['Tbsp', 0.5], 'Japanese Curry Roux': ['Each', 0.5], 'Soy Sauce': ['Tbsp', 0.75], 'Ketchup': ['Tbsp', 0.5]}",new,curry,1
Japanese Curry Chicken,1,chicken,"{'Chicken Thigh': ['Each', 4], 'Carrot': ['Each', 1], 'Yellow Onion': ['Each', 0.5], 'Russet Potato': ['Each', 1], 'Ginger': ['Each', 0.5], 'Garlic': ['Clove', 1], 'Canola Oil': ['Tbsp', 0.75], 'Chicken Stock': ['Cup', 2], 'Fuji Apple': ['Each', 0.5], 'Honey': ['Tbsp', 0.5], 'Japanese Curry Roux': ['Each', 0.5], 'Soy Sauce': ['Tbsp', 0.75], 'Ketchup': ['Tbsp', 0.5]}",new,curry,1
Japanese Curry Pork,1,pork,"{'Pork Chop': ['Each', 4], 'Carrot': ['Each', 1], 'Yellow Onion': ['Each', 0.5], 'Russet Potato': ['Each', 1], 'Ginger': ['Each', 0.5], 'Garlic': ['Clove', 1], 'Canola Oil': ['Tbsp', 0.75], 'Chicken Stock': ['Cup', 2], 'Fuji Apple': ['Each', 0.5], 'Honey': ['Tbsp', 0.5], 'Japanese Curry Roux': ['Each', 0.5], 'Soy Sauce': ['Tbsp', 0.75], 'Ketchup': ['Tbsp', 0.5]}",new,curry,1
Japanese Curry Veggies,1,veggie,"{'Carrot': ['Each', 2], 'Baby Corn': ['Dry Oz', 5], 'Yellow Onion': ['Each', 0.5], 'Russet Potato': ['Each', 2], 'Ginger': ['Each', 0.5], 'Garlic': ['Clove', 1], 'Canola Oil': ['Tbsp', 0.75], 'Chicken Stock': ['Cup', 2], 'Fuji Apple': ['Each', 0.5], 'Honey': ['Tbsp', 0.5], 'Japanese Curry Roux': ['Each', 0.5], 'Soy Sauce': ['Tbsp', 0.75], 'Ketchup': ['Tbsp', 0.5]}",new,curry,1
Jerk Pork,0,pork,"{'Pork Shoulder': ['Lb', 1.5], 'Garlic': ['Clove', 3], 'Jerk Seasoning': ['Tbsp', 2], 'Lime': ['Each', 1], 'Orange Juice': ['Cup', 0.25], 'Avocado': ['Each', 1], 'Mango': ['Each', 2], 'Red Onion': ['Each', 0.13], 'Lime Juice': ['Tbsp', 3]}",new,bbq,1
Katsudon,1,pork,"{'Kombu': ['Dry Oz', 0.4], 'Yellow Onion': ['Each', 0.5], 'Rice': ['Cup', 1.5], 'Mirin': ['Tbsp', 1], 'Granulated Sugar': ['Tbsp', 1], 'Soy Sauce': ['Tbsp', 1], 'Egg': ['Each', 3], 'Pork Chop': ['Each', 2], 'Mayonnaise': ['Tbsp', 1], 'All-Purpose Flour': ['Tbsp', 4], 'Panko': ['Cup', 3], 'Canola Oil': ['Cup', 0.5]}",new,None,1
Katsudon (Chicken),1,chicken,"{'Kombu': ['Dry Oz', 0.4], 'Yellow Onion': ['Each', 0.5], 'Rice': ['Cup', 1.5], 'Mirin': ['Tbsp', 1], 'Granulated Sugar': ['Tbsp', 1], 'Soy Sauce': ['Tbsp', 1], 'Egg': ['Each', 3], 'Chicken Breast': ['Each', 1], 'Mayonnaise': ['Tbsp', 1], 'All-Purpose Flour': ['Tbsp', 4], 'Panko': ['Cup', 3], 'Canola Oil': ['Cup', 0.5]}",new,fried,1
Kielbasa with Cabbage and Pierogis,0,pork,"{'Kielbasa Polska': ['Each', 1], 'Cabbage': ['Each', 1], 'Pierogi': ['Each', 1], 'Olive Oil': ['Tbsp', 1], 'Garlic Powder': ['Tsp', 1]}",None,None,4
Korean Beef,0,beef,"{'Beef Stock': ['Cup', 0.5], 'Soy Sauce': ['Cup', 0.25], 'Brown Sugar': ['Cup', 0.25], 'Garlic': ['Clove', 2], 'Sesame Oil': ['Tbsp', 0.5], 'Rice Wine Vinegar': ['Tbsp', 0.5], 'Ginger': ['Tbsp', 0.5], 'Sriracha': ['Tsp', 0.5], 'Onion Powder': ['Tsp', 0.25], 'White Pepper': ['Tsp', 0.25], 'Beef Chuck Roast': ['Lb', 1.5], 'Cornstarch': ['Tbsp', 1], 'Sesame Seed': ['Tsp', 0.5], 'Green Onion': ['Each', 1]}",new,None,1
Korean Fried Chicken,1,chicken,"{'Chicken Breast': ['Each', 1], 'Kosher Salt': ['Tsp', 0.5], 'Cornstarch': ['Cup', 0.33], 'Canola Oil': ['Cup', 4], 'Ginger': ['Tbsp', 1], 'Gochujang': ['Cup', 0.5], 'Brown Sugar': ['Tbsp', 1]}",fried,None,1
Kung Pao Chicken,0,chicken,"{'Chicken Breast': ['Lb', 1], 'Soy Sauce': ['Tbsp', 6], 'Cornstarch': ['Tbsp', 1], 'Sesame Oil': ['Tbsp', 2], 'Red Bell Pepper': ['Each', 1], 'Green Onion': ['Each', 4], 'Peanuts': ['Cup', 0.25], 'Dried Red Chili Peppers': ['Each', 5], 'Garlic': ['Clove', 3], 'Ginger': ['Tbsp', 0.5], 'Rice Vinegar': ['Cup', 0.33], 'Granulated Sugar': ['Tbsp', 2]}",new,fried rice,2
Leftover Turkey Soup,0,chicken,"{'Olive Oil': ['Tbsp', 0.5], 'Yellow Onion': ['Each', 0.25], 'Garlic': ['Clove', 2], 'Celery': ['Rib', 2], 'Carrot': ['Each', 2], 'Gold Potato': ['Lb', 0.5], 'Chicken Stock': ['Cup', 2], 'Italian Seasoning': ['Tsp', 0.25], 'Shredded Turkey Meat': ['Lb', 1], 'Heavy Cream': ['Cup', 0.25]}",new,soup,1
Lemon Chicken Piccata,0,chicken,"{'Olive Oil': ['Tbsp', 1], 'Chicken Thigh Skin-on': ['Each', 4], 'Butter': ['Tbsp', 2], 'Garlic': ['Clove', 3], 'White Wine': ['Cup', 0.25], 'Lemon': ['Each', 1], 'Capers': ['Tbsp', 2]}",new,None,1
Lemon Chicken Soup with Orzo,0,chicken,"{'Olive Oil': ['Tbsp', 0.5], 'Carrot': ['Each', 2], 'Yellow Onion': ['Each', 0.25], 'Garlic': ['Clove', 2], 'Chicken Stock': ['Cup', 4], 'Orzo': ['Cup', 0.5], 'Chicken Breast': ['Lb', 1], 'Egg': ['Each', 2], 'Lemon Juice': ['Cup', 0.25], 'Spinach': ['Dry Oz', 2], 'Kosher Salt': ['Tsp', 1], 'Fresh Dill': ['Each', 0.25]}",new,chicken soup,1
Lentil Soup,0,veggie,"{'Olive Oil': ['Cup', 0.25], 'Yellow Onion': ['Each', 1], 'Carrot': ['Each', 2], 'Garlic': ['Clove', 4], 'Ground Cumin': ['Tsp', 2], 'Red Curry Powder': ['Tsp', 1], 'Dry Thyme': ['Tsp', 0.5], 'Diced Tomatoes': ['Oz', 28], 'Lentils': ['Cup', 1], 'Vegetable Stock': ['Cup', 4], 'Kosher Salt': ['Tsp', 1], 'Red Pepper Flakes': ['Tsp', 0.13], 'Kale': ['Leaf', 2], 'Lemon Juice': ['Tbsp', 2]}",new,soup,1
Lo Mein Beef,0,beef,"{'Beef Tenderloin': ['Lb', 0.5], 'Chinese Egg Noodles': ['Dry Oz', 10], 'Bok Choy': ['Leaf', 1], 'Red Bell Pepper': ['Each', 0.5], 'Carrot': ['Each', 0.5], 'Cornstarch': ['Tbsp', 1], 'Chicken Stock': ['Cup', 0.33], 'Oyster Sauce': ['Tbsp', 1.5], 'Soy Sauce': ['Tbsp', 1], 'Hoisin': ['Tsp', 1.5], 'Honey': ['Tsp', 1], 'Garlic': ['Clove', 1], 'Ginger': ['Tbsp', 0.25], 'Red Pepper Flakes': ['Tsp', 0.25]}",new,fried rice,1
Lo Mein Chicken,0,chicken,"{'Chicken Breast': ['Lb', 0.5], 'Chinese Egg Noodles': ['Dry Oz', 10], 'Bok Choy': ['Leaf', 1], 'Red Bell Pepper': ['Each', 0.5], 'Carrot': ['Each', 0.5], 'Cornstarch': ['Tbsp', 1], 'Chicken Stock': ['Cup', 0.33], 'Oyster Sauce': ['Tbsp', 1.5], 'Soy Sauce': ['Tbsp', 1], 'Hoisin': ['Tsp', 1.5], 'Honey': ['Tsp', 1], 'Garlic': ['Clove', 1], 'Ginger': ['Tbsp', 0.25], 'Red Pepper Flakes': ['Tsp', 0.25]}",new,fried rice,1
Lo Mein Pork,0,pork,"{'Pork Tenderloin': ['Lb', 0.5], 'Chinese Egg Noodles': ['Dry Oz', 10], 'Bok Choy': ['Leaf', 1], 'Red Bell Pepper': ['Each', 0.5], 'Carrot': ['Each', 0.5], 'Cornstarch': ['Tbsp', 1], 'Chicken Stock': ['Cup', 0.33], 'Oyster Sauce': ['Tbsp', 1.5], 'Soy Sauce': ['Tbsp', 1], 'Hoisin': ['Tsp', 1.5], 'Honey': ['Tsp', 1], 'Garlic': ['Clove', 1], 'Ginger': ['Tbsp', 0.25], 'Red Pepper Flakes': ['Tsp', 0.25]}",new,fried rice,1
Lo Mein Shrimp,0,seafood,"{'Shrimp': ['Lb', 0.5], 'Chinese Egg Noodles': ['Dry Oz', 10], 'Bok Choy': ['Leaf', 1], 'Red Bell Pepper': ['Each', 0.5], 'Carrot': ['Each', 0.5], 'Cornstarch': ['Tbsp', 1], 'Chicken Stock': ['Cup', 0.33], 'Oyster Sauce': ['Tbsp', 1.5], 'Soy Sauce': ['Tbsp', 1], 'Hoisin': ['Tsp', 1.5], 'Honey': ['Tsp', 1], 'Garlic': ['Clove', 1], 'Ginger': ['Tbsp', 0.25], 'Red Pepper Flakes': ['Tsp', 0.25]}",new,fried rice,1
Loaded Potato Soup,0,pork,"{'Red Potato': ['Each', 4], 'Olive Oil': ['Tbsp', 2], 'Yellow Onion': ['Each', 0.5], 'Chicken Stock': ['Cup', 1.25], 'All-Purpose Flour': ['Cup', 0.25], 'Milk': ['Cup', 2], 'Sour Cream': ['Cup', 0.25], 'Bacon': ['Strip', 3], 'Shredded Cheddar': ['Cup', 0.33], 'Green Onion': ['Each', 1]}",soup,potato soup,2
Marinated Flank Steak,0,beef,"{'Vegetable Oil': ['Cup', 0.5], 'Soy Sauce': ['Cup', 0.33], 'Red Wine Vinegar': ['Cup', 0.25], 'Lemon Juice': ['Tbsp', 2], 'Worcestershire Sauce': ['Tbsp', 1.5], 'Dijon Mustard': ['Tbsp', 1], 'Garlic': ['Clove', 2], 'Flank Steak': ['Lb', 1.5]}",new,steak,1
Meatballs and Gravy,0,beef,"{'Ground Beef': ['Lb', 1], 'Egg': ['Each', 1], 'Worcestershire Sauce': ['Tbsp', 2], 'Garlic Powder': ['Tsp', 1.5], 'Onion Powder': ['Tsp', 1.5], 'Breadcrumbs': ['Cup', 1], 'Yellow Onion': ['Each', 1], 'Brown Mushrooms': ['Dry Oz', 8], 'Beef Stock': ['Cup', 3], 'Brown Gravy Mix': ['Each', 2], 'Ketchup': ['Tbsp', 1], 'Cornstarch': ['Tbsp', 2], 'Olive Oil': ['Tbsp', 2]}",new,None,1
Meatless Burgers,0,veggie,"{'Veggie Burger': ['Each', 2], 'American Cheese': ['Slice', 2], 'Hamburger Bun': ['Each', 2], 'French Fries': ['Each', 0.5]}",burgers,None,4
Mongolian Beef and Broccoli,0,beef,"{'Flank Steak': ['Lb', 1], 'Soy Sauce': ['Cup', 0.5], 'Shaoxing': ['Tbsp', 0.5], 'Cornstarch': ['Tbsp', 1.5], 'Brown Sugar': ['Tbsp', 2], 'Hoisin': ['Tbsp', 1], 'Oyster Sauce': ['Tbsp', 0.5], 'White Pepper': ['Tsp', 2], 'Canola Oil': ['Tbsp', 2], 'Sesame Oil': ['Tsp', 0.5], 'Garlic': ['Clove', 4], 'Ginger': ['Tbsp', 0.25], 'Broccoli': ['Each', 0.5], 'Scallion': ['Each', 2]}",new,stir fry,1
Mulligatawny Soup,0,chicken,"{'Butter': ['Cup', 0.25], 'Yellow Onion': ['Each', 0.5], 'Celery': ['Rib', 1], 'Carrot': ['Each', 1], 'All-Purpose Flour': ['Tbsp', 3], 'Yellow Curry Powder': ['Tbsp', 1], 'Kosher Salt': ['Tsp', 1], 'Cayenne Pepper': ['Tsp', 0.13], 'Chicken Stock': ['Cup', 4], 'Granny Smith': ['Each', 0.5], 'Rice': ['Cup', 0.25], 'Chicken Breast': ['Each', 1], 'Heavy Cream': ['Cup', 0.5]}",new,chicken soup,1
New Beef,1,beef,"{'New Ingredients': [None, 1]}",new,None,1
New Chicken,1,chicken,"{'New Ingredients': [None, 1]}",new,None,1
New Pork,1,pork,"{'New Ingredients': [None, 1]}",new,None,1
New Seafood,1,seafood,"{'New Ingredients': [None, 1]}",new,None,1
New Veggie,1,veggie,"{'New Ingredients': [None, 1]}",new,None,1
Orange Chicken,1,chicken,"{'Chicken Breast': ['Each', 2], 'Egg': ['Each', 1], 'Cornstarch': ['Cup', 0.25], 'All-Purpose Flour': ['Cup', 0.75], 'Orange Juice': ['Cup', 0.5], 'Rice Vinegar': ['Tbsp', 1], 'Shaoxing': ['Tbsp', 2], 'White Vinegar': ['Tbsp', 5], 'Brown Sugar': ['Tbsp', 6], 'Soy Sauce': ['Tbsp', 2], 'Sesame Oil': ['Tsp', 2.25], 'Garlic': ['Clove', 5], 'Red Pepper Flakes': ['Tsp', 0.13]}",new,stir fry,1
Pad Thai,0,chicken,"{'Rice Noodles': ['Dry Oz', 4], 'Tamarind Paste': ['Tbsp', 1.5], 'Brown Sugar': ['Tbsp', 3], 'Fish Sauce': ['Tbsp', 2], 'Oyster Sauce': ['Tbsp', 1.5], 'Canola Oil': ['Tbsp', 3], 'Yellow Onion': ['Each', 0.5], 'Garlic': ['Clove', 2], 'Chicken Breast': ['Lb', 0.5], 'Egg': ['Each', 2], 'Bean Sprouts': ['Cup', 1.5], 'Firm Tofu': ['Cup', 0.5], 'Scallion': ['Each', 1]}",new,stir fry,1
Parmesan Crusted Tilapia,0,seafood,"{'Tilapia Fillet': ['Each', 2], 'Butter': ['Tbsp', 2], 'Lemon': ['Each', 1], 'Garlic Powder': ['Tsp', 1], 'Shredded Parmesan': ['Cup', 0.25]}",new,None,1
Parsnip and Apple Soup,1,veggie,"{'Unsalted Butter': ['Tbsp', 3], 'Leek': ['Each', 1.5], 'Parsnip': ['Each', 3], 'Gala Apple': ['Each', 2], 'Ground Coriander': ['Tsp', 1], 'Heavy Cream': ['Cup', 0.25], 'Flat-Leaf Parsley': ['Tbsp', 2]}",new,soup,1
Pasta-Roni Chicken,0,chicken,"{'Chicken Breast': ['Lb', 1], 'Pasta-Roni': ['Each', 1], 'Butter': ['Tbsp', 2], 'Milk': ['Cup', 0.66]}",pasta,None,2
Persian Chicken,0,chicken,"{'Chicken Breast': ['Each', 2], 'Yellow Onion': ['Each', 1], 'Turmeric': ['Tsp', 2], 'Garlic': ['Clove', 4], 'Lime Juice': ['Tbsp', 2], 'Olive Oil': ['Tbsp', 3], 'Ground Cumin': ['Tsp', 2.25], 'Kosher Salt': ['Tsp', 1.75], 'Rice': ['Cup', 1], 'Ground Cardamom': ['Tsp', 0.25], 'Ground Cinnamon': ['Tsp', 0.25], 'Cucumber': ['Each', 1], 'Fresh Mint': ['Cup', 0.5], 'Fresh Dill': ['Cup', 0.5]}",new,None,1
Pizza,0,beef,"{'Pizza': ['Each', 1]}",pizza,None,2
Polish Barley Vegetable Soup,0,veggie,"{'Pearl Barley': ['Cup', 0.5], 'Butter': ['Tbsp', 4], 'Yellow Onion': ['Each', 0.5], 'Carrot': ['Each', 2], 'Yellow Turnip': ['Each', 1], 'Leek': ['Each', 1], 'Celery': ['Rib', 1], 'Brown Mushrooms': ['Dry Oz', 4], 'Dry Marjoram': ['Tsp', 0.5], 'Dry Parsley': ['Tbsp', 0.5], 'Beef Stock': ['Cup', 6]}",soup,None,1
Pork and Sauerkraut Goulash,1,pork,"{'Pork Shoulder': ['Lb', 1.25], 'Yellow Onion': ['Each', 1], 'Garlic': ['Clove', 2], 'Anaheim Pepper': ['Each', 2], 'Tomato': ['Each', 1], 'Sauerkraut': ['Cup', 1], 'Paprika': ['Tbsp', 1], 'Sour Cream': ['Tbsp', 2.5], 'All-Purpose Flour': ['Tbsp', 0.5], 'Egg Noodles': ['Dry Oz', 4]}",new,None,1
Pork Potstickers,1,pork,"{'Ground Pork': ['Dry Oz', 8], 'Cabbage': ['Lb', 0.15], 'Carrot': ['Each', 1], 'Garlic': ['Clove', 1], 'Green Onion': ['Each', 2], 'Sesame Oil': ['Tsp', 1], 'Wonton Wrappers': ['Each', 24], 'Rice Vinegar': ['Cup', 0.25], 'Soy Sauce': ['Tbsp', 1], 'Garlic Powder': ['Tsp', 0.25], 'Granulated Sugar': ['Tsp', 0.25], 'Sesame Seed': ['Tsp', 0.25]}",new,dumplings,1
Pork with Broccoli,0,pork,"{'Soy Sauce': ['Tbsp', 0.66], 'Chicken Stock': ['Cup', 0.5], 'Honey': ['Cup', 0.25], 'Rice Wine Vinegar': ['Tbsp', 2], 'Brown Sugar': ['Tbsp', 2], 'Garlic': ['Clove', 3], 'Sesame Oil': ['Tbsp', 1], 'Cornstarch': ['Tbsp', 1], 'Ground Ginger': ['Tsp', 1], 'Red Pepper Flakes': ['Tsp', 0.25], 'Olive Oil': ['Tbsp', 1], 'Pork Chop': ['Each', 4], 'Broccoli': ['Each', 1]}",stir fry,None,2
Potato Soup,0,pork,"{'Bacon': ['Strip', 8], 'Butter': ['Tbsp', 2], 'Celery': ['Each', 2], 'Leek': ['Each', 1], 'Yellow Onion': ['Each', 1], 'Garlic': ['Clove', 3], 'Gold Potato': ['Each', 4], 'Chicken Stock': ['Cup', 1], 'White Pepper': ['Tsp', 0.5], 'Dry Thyme': ['Tsp', 0.5], 'All-Purpose Flour': ['Cup', 0.33], 'Half-and-Half': ['Cup', 2], 'Bay Leaf': ['Each', 1]}",soup,potato soup,4
Rice-a-Roni Chicken,0,chicken,"{'Chicken Breast': ['Lb', 1], 'Rice-A-Roni': ['Each', 1], 'Butter': ['Tbsp', 2]}",stir fry,None,2
Roasted Beef Tips,1,beef,"{'Sirloin': ['Lb', 1], 'Garlic': ['Clove', 1], 'Flat-Leaf Parsley': ['Cup', 0.5], 'Olive Oil': ['Tbsp', 2], 'Lemon Juice': ['Tbsp', 1], 'Oregano': ['Tsp', 0.5], 'Onion Powder': ['Tsp', 0.5], 'Dry Thyme': ['Tsp', 0.25], 'Kosher Salt': ['Tsp', 0.25]}",new,steak,1
Roasted Root Vegetable Pot Pie,1,veggie,"{'Butter': ['Cup', 0.25], 'Ground Coriander': ['Tsp', 0.25], 'Dry Thyme': ['Tsp', 0.25], 'Kosher Salt': ['Tsp', 0.25], 'Leek': ['Each', 1], 'Sweet Potato': ['Each', 1], 'Parsnip': ['Each', 2], 'Carrot': ['Each', 2], 'Celery': ['Rib', 1], 'Cognac': ['Tbsp', 1], 'All-Purpose Flour': ['Cup', 0.25], 'Vegetable Stock': ['Cup', 1.25], 'Whole Milk': ['Cup', 0.5], 'Fresh Thyme': ['Tsp', 1], 'Flat-Leaf Parsley': ['Each', 0.5]}",new,pie,1
Ropa Vieja,1,beef,"{'Beef Chuck Roast': ['Lb', 1], 'Yellow Onion': ['Each', 0.5], 'Red Bell Pepper': ['Each', 1], 'Yellow Bell Pepper': ['Each', 1], 'Garlic': ['Clove', 2], 'Oregano': ['Tsp', 1], 'Ground Cumin': ['Tsp', 1], 'Paprika': ['Tsp', 1], 'Smoked Paprika': ['Tsp', 0.5], 'Ground Allspice': ['Tsp', 0.13], 'Ground Cloves': ['Tsp', 0.13], 'Kosher Salt': ['Tsp', 1], 'White Wine': ['Cup', 0.25], 'Chicken Stock': ['Cup', 0.5], 'Crushed Tomatoes': ['Oz', 8], 'Tomato Paste': ['Oz', 3], 'Bay Leaf': ['Each', 1], 'Carrot': ['Each', 1], 'Celery': ['Rib', 1], 'Green Olives': ['Cup', 1], 'Roasted Red Peppers': ['Cup', 0.5], 'Pimientos': ['Cup', 0.25], 'Capers': ['Tbsp', 2], 'Flat-Leaf Parsley': ['Cup', 0.33]}",new,None,1
Salisbury Steak,0,beef,"{'Ground Beef': ['Lb', 1], 'Breadcrumbs': ['Cup', 0.25], 'Egg': ['Each', 1], 'Worcestershire Sauce': ['Tsp', 1], 'Kosher Salt': ['Tsp', 0.5], 'Olive Oil': ['Tbsp', 1], 'Butter': ['Tbsp', 1], 'Yellow Onion': ['Each', 0.5], 'Crimini Mushrooms': ['Dry Oz', 4], 'Beef Stock': ['Cup', 1], 'Tomato Paste': ['Tbsp', 0.5], 'Soy Sauce': ['Tbsp', 0.5], 'Cornstarch': ['Tsp', 1]}",new,burgers,1
Sausage with Roasted Veggies,0,pork,"{'Italian Sausage': ['Each', 2], 'Carrot': ['Each', 3], 'Red Potato': ['Each', 4]}",None,None,4
Sausages,0,pork,"{'Sausage': ['Each', 2], 'Hot Dog Bun': ['Each', 2], 'French Fries': ['Each', 0.5]}",hot dog,None,2
Schnitzel,1,pork,"{'Pork Chop': ['Each', 6], 'All-Purpose Flour': ['Cup', 1], 'Garlic Powder': ['Tsp', 1], 'Paprika': ['Tsp', 1], 'Egg': ['Each', 1], 'Milk': ['Cup', 0.5], 'Brown Mustard': ['Tsp', 2], 'Panko': ['Cup', 1], 'Bacon': ['Lb', 0.5], 'Yellow Onion': ['Each', 0.5], 'Red Wine': ['Cup', 0.25], 'Beef Stock': ['Cup', 2], 'Unsalted Butter': ['Tbsp', 2]}",froed,None,1
Sesame Chicken,0,chicken,"{'Chicken Breast': ['Lb', 1], 'Soy Sauce': ['Tbsp', 4], 'Garlic': ['Clove', 1], 'Cornstarch': ['Cup', 0.38], 'All-Purpose Flour': ['Tbsp', 2], 'Baking Soda': ['Tsp', 0.25], 'Baking Powder': ['Tsp', 0.25], 'Dry Sherry': ['Tbsp', 1], 'Vegetable Oil': ['Cup', 2], 'Sesame Oil': ['Tbsp', 2.5], 'Chicken Stock': ['Cup', 1], 'Granulated Sugar': ['Cup', 1], 'White Vinegar': ['Cup', 1], 'Dark Soy Sauce': ['Tbsp', 2], 'Chili Paste': ['Tsp', 1], 'Sesame Seed': ['Tbsp', 2]}",new,stir fry,1
Shrimp Scampi,0,seafood,"{'Butter': ['Tbsp', 2], 'Olive Oil': ['Tbsp', 2], 'Garlic': ['Clove', 4], 'White Wine': ['Cup', 0.5], 'Kosher Salt': ['Tsp', 0.75], 'Red Pepper Flakes': ['Tsp', 0.13], 'Shrimp': ['Lb', 1], 'Flat-Leaf Parsley': ['Cup', 0.33], 'Fettuccine': ['Lb', 0.5]}",None,None,1
Soba Noodle Soup,0,veggie,"{'Olive Oil': ['Tbsp', 2], 'Crimini Mushrooms': ['Dry Oz', 8], 'Garlic': ['Clove', 3], 'Ginger': ['Tbsp', 0.5], 'Soy Sauce': ['Cup', 0.25], 'Vegetable Stock': ['Cup', 3], 'Soba Noodles': ['Dry Oz', 6], 'Bok Choy': ['Leaf', 2], 'Carrot': ['Each', 1], 'Green Onion': ['Each', 4], 'Sesame Seed': ['Tbsp', 1]}",new,soup,1
Spaghetti,0,pork,"{'Ground Italian Sausage': ['Lb', 1], 'Tomato Sauce': ['Each', 1], 'Spaghetti': ['Each', 1]}",pasta,None,2
Spanish Chicken and Rice,0,chicken,"{'Chicken Thigh Skin-on': ['Each', 4], 'Kosher Salt': ['Tsp', 3], 'Olive Oil': ['Tbsp', 2], 'Red Bell Pepper': ['Each', 1], 'Yellow Bell Pepper': ['Each', 1], 'Garlic': ['Clove', 4], 'Rice': ['Cup', 1.5], 'Chicken Stock': ['Cup', 1.5], 'Garbanzo Beans': ['Dry Oz', 15], 'Diced Tomatoes': ['Oz', 15], 'Smoked Paprika': ['Tsp', 2], 'Bay Leaf': ['Each', 1], 'Chorizo': ['Dry Oz', 8], 'Green Olives': ['Cup', 0.5], 'Flat-Leaf Parsley': ['Cup', 0.25]}",new,None,1
Spinach and Artichoke Quesadillas,1,veggie,"{'Artichoke Hearts': ['Cup', 1], 'Garlic': ['Clove', 2], 'Baby Spinach': ['Dry Oz', 6], 'Neufchatel Cheese': ['Oz', 4], 'Shredded Mozzarella': ['Cup', 1], 'Shredded Parmesan': ['Cup', 0.25], 'Butter': ['Tbsp', 1], 'Flour Tortilla': ['Each', 6]}",new,tacos,1
Steak,1,beef,"{'Steak': ['Each', 1], 'Gold Potato': ['Each', 4], 'Butter': ['Tbsp', 2], 'Canola Oil': ['Tbsp', 1]}",steak,None,1
Steak Fajitas,0,beef,"{'Cumin Seeds': ['Tbsp', 1], 'Chipotle Powder': ['Tsp', 1], 'Flank Steak': ['Lb', 0.5], 'Lime': ['Each', 1], 'Olive Oil': ['Cup', 0.25], 'Worcestershire Sauce': ['Tbsp', 1], 'Garlic': ['Clove', 4], 'Yellow Onion': ['Each', 1], 'Red Bell Pepper': ['Each', 2], 'Flour Tortilla': ['Each', 4]}",tacos,None,2
Stir Fry Beef,0,beef,"{'Flank Steak': ['Lb', 0.5],  'Noodles': ['Each', 1], 'Canola Oil': ['Tbsp', 2], 'Stir Fry Sauce': ['Tbsp', 3], 'Napa Cabbage': ['Leaf', 3], 'Bok Choy': ['Leaf', 2]}",stir fry,None,2
Stir Fry Chicken,0,chicken,"{'Chicken Breast': ['Lb', 1],  'Noodles': ['Each', 1], 'Canola Oil': ['Tbsp', 2], 'Stir Fry Sauce': ['Tbsp', 3], 'Napa Cabbage': ['Leaf', 3], 'Bok Choy': ['Leaf', 2]}",stir fry,None,2
Stir Fry Pork,0,pork,"{'Pork Chop': ['Each', 3], 'Noodles': ['Each', 1], 'Canola Oil': ['Tbsp', 2], 'Stir Fry Sauce': ['Tbsp', 3], 'Napa Cabbage': ['Leaf', 3], 'Bok Choy': ['Leaf', 2]}",stir fry,None,2
Stir Fry Shrimp,0,seafood,"{'Shrimp': ['Lb', 0.25], 'Noodles': ['Each', 1], 'Canola Oil': ['Tbsp', 2], 'Stir Fry Sauce': ['Tbsp', 3], 'Napa Cabbage': ['Leaf', 3], 'Bok Choy': ['Leaf', 2]}",stir fry,None,1
Stir Fry Veggies,0,veggie,"{'Noodles': ['Each', 1], 'Canola Oil': ['Tbsp', 2], 'Stir Fry Sauce': ['Tbsp', 3], 'Napa Cabbage': ['Leaf', 4], 'Bok Choy': ['Leaf', 3], 'Carrot': ['Each', 1], 'Baby Corn': ['Dry Oz', 7]}",stir fry,None,2
Stromboli,0,pork,"{'Pizza Dough': ['Each', 1], 'Pizza Sauce': ['Cup', 0.25], 'Shredded Mozzarella': ['Cup', 2], 'Ground Italian Sausage': ['Lb', 0.5], 'Bacon': ['Strip', 4], 'Pepperoni': ['Slice', 12], 'Butter': ['Tbsp', 1], 'Shredded Parmesan': ['Cup', 0.33]}",new,pizza,1
Stuffed Poblano Peppers,0,pork,"{'Red Potato': ['Dry Oz', 10], 'Chorizo': ['Dry Oz', 6], 'Poblano Chile': ['Each', 4], 'Olive Oil': ['Tsp', 2], 'Queso Fresco': ['Dry Oz', 2], 'Queso Dip': ['Cup', 2]}",casserole,None,1
Sweet and Sour Chicken,0,chicken,"{'Chicken Breast': ['Each', 2], 'Cornstarch': ['Cup', 0.33], 'Canola Oil': ['Tbsp', 2], 'Red Bell Pepper': ['Each', 1], 'Green Bell Pepper': ['Each', 1], 'Granulated Sugar': ['Cup', 0.75], 'Apple Cider Vinegar': ['Cup', 0.5], 'Ketchup': ['Cup', 0.25], 'Soy Sauce': ['Tbsp', 2], 'Onion Powder': ['Tsp', 1], 'Garlic Powder': ['Tsp', 1], 'Cornstarch': ['Tbsp', 1], 'Rice': ['Cup', 1]}",new,stir fry,1
Tacos Chorizo,0,pork,"{'Ground Turkey': ['Lb', 1], 'Taco Shell': ['Each', 6], 'Shredded Cheddar': ['Cup', 0.5], 'Lettuce': ['Lb', 0.1]}",tacos,None,1
Tacos Ground Beef,0,beef,"{'Ground Beef': ['Lb', 1], 'Taco Seasoning': ['Tbsp', 2], 'Taco Shell': ['Each', 6], 'Shredded Cheddar': ['Cup', 0.5], 'Lettuce': ['Lb', 0.1]}",tacos,None,2
Tacos Ground Chicken,0,chicken,"{'Ground Chicken': ['Lb', 1], 'Taco Seasoning': ['Tbsp', 2], 'Taco Shell': ['Each', 6], 'Shredded Cheddar': ['Cup', 0.5], 'Lettuce': ['Lb', 0.1]}",tacos,None,2
Tacos Ground Turkey,0,chicken,"{'Ground Turkey': ['Lb', 1], 'Taco Seasoning': ['Tbsp', 2], 'Taco Shell': ['Each', 6], 'Shredded Cheddar': ['Cup', 0.5], 'Lettuce': ['Lb', 0.1]}",tacos,None,1
Tacos Shredded Beef,0,beef,"{'Shredded Taco Seasoning': ['Each', 1], 'Olive Oil': ['Tbsp', 2], 'Beef Chuck Roast': ['Lb', 0.66], 'Garlic': ['Clove', 5], 'Yellow Onion': ['Each', 1], 'Orange Juice': ['Cup', 0.75], 'Lime Juice': ['Tbsp', 2], 'Crushed Tomatoes': ['Oz', 14], 'Beef Stock': ['Cup', 2], 'Flour Tortilla': ['Each', 8]}",tacos,None,1
Tacos Shredded Chicken,0,chicken,"{'Shredded Taco Seasoning': ['Each', 1], 'Olive Oil': ['Tbsp', 2], 'Chicken Breast': ['Lb', 0.66], 'Garlic': ['Clove', 5], 'Yellow Onion': ['Each', 1], 'Orange Juice': ['Cup', 0.75], 'Lime Juice': ['Tbsp', 2], 'Crushed Tomatoes': ['Oz', 14], 'Beef Stock': ['Cup', 2], 'Flour Tortilla': ['Each', 8]}",tacos,None,1
Tacos Shredded Pork,0,pork,"{'Shredded Taco Seasoning': ['Each', 1], 'Olive Oil': ['Tbsp', 2], 'Pork Tenderloin': ['Lb', 0.66], 'Garlic': ['Clove', 5], 'Yellow Onion': ['Each', 1], 'Orange Juice': ['Cup', 0.75], 'Lime Juice': ['Tbsp', 2], 'Crushed Tomatoes': ['Oz', 14], 'Beef Stock': ['Cup', 2], 'Flour Tortilla': ['Each', 8]}",tacos,None,1
Teriyaki Beef,0,beef,"{'Flank Steak': ['Lb', 0.5], 'Soy Sauce': ['Cup', 0.25], 'Mirin': ['Cup', 0.25], 'Sake': ['Cup', 0.25], 'Brown Sugar': ['Tbsp', 2], 'Sesame Oil': ['Tsp', 0.5], 'Fish Sauce': ['Tsp', 0.5], 'Garlic': ['Clove', 2], 'Ginger': ['Each', 0.5], 'Cornstarch': ['Cup', 0.33], 'Canola Oil': ['Tbsp', 3], 'Napa Cabbage': ['Leaf', 3], 'Bok Choy': ['Leaf', 2], 'Carrot': ['Each', 1]}",stir fry,None,2
Teriyaki Chicken,0,chicken,"{'Chicken Breast': ['Lb', 1], 'Soy Sauce': ['Cup', 0.25], 'Mirin': ['Cup', 0.25], 'Sake': ['Cup', 0.25], 'Brown Sugar': ['Tbsp', 2], 'Sesame Oil': ['Tsp', 0.5], 'Fish Sauce': ['Tsp', 0.5], 'Garlic': ['Clove', 2], 'Ginger': ['Each', 0.5], 'Cornstarch': ['Cup', 0.33], 'Canola Oil': ['Tbsp', 3], 'Napa Cabbage': ['Leaf', 3], 'Bok Choy': ['Leaf', 2], 'Carrot': ['Each', 1]}",stir fry,None,2
Teriyaki Pork,0,pork,"{'Pork Chop': ['Each', 4], 'Soy Sauce': ['Cup', 0.25], 'Mirin': ['Cup', 0.25], 'Sake': ['Cup', 0.25], 'Brown Sugar': ['Tbsp', 2], 'Sesame Oil': ['Tsp', 0.5], 'Fish Sauce': ['Tsp', 0.5], 'Garlic': ['Clove', 2], 'Ginger': ['Each', 0.5], 'Cornstarch': ['Cup', 0.33], 'Canola Oil': ['Tbsp', 3], 'Napa Cabbage': ['Leaf', 3], 'Bok Choy': ['Leaf', 2], 'Carrot': ['Each', 1]}",stir fry,None,2
Teriyaki Shrimp,0,seafood,"{'Shrimp': ['Lb', 0.5], 'Soy Sauce': ['Cup', 0.25], 'Mirin': ['Cup', 0.25], 'Sake': ['Cup', 0.25], 'Brown Sugar': ['Tbsp', 2], 'Sesame Oil': ['Tsp', 0.5], 'Fish Sauce': ['Tsp', 0.5], 'Garlic': ['Clove', 2], 'Ginger': ['Each', 0.5], 'Cornstarch': ['Cup', 0.33], 'Canola Oil': ['Tbsp', 3], 'Napa Cabbage': ['Leaf', 3], 'Bok Choy': ['Leaf', 2], 'Carrot': ['Each', 1]}",stir fry,None,1
Teriyaki Veggies,0,veggie,"{'Soy Sauce': ['Cup', 0.25], 'Mirin': ['Cup', 0.25], 'Sake': ['Cup', 0.25], 'Brown Sugar': ['Tbsp', 2], 'Sesame Oil': ['Tsp', 0.5], 'Fish Sauce': ['Tsp', 0.5], 'Garlic': ['Clove', 2], 'Ginger': ['Each', 0.5], 'Cornstarch': ['Cup', 0.33], 'Canola Oil': ['Tbsp', 3], 'Napa Cabbage': ['Leaf', 5], 'Bok Choy': ['Leaf', 4], 'Carrot': ['Each', 2], 'Baby Corn': ['Dry Oz', 7]}",stir fry,None,1
Tonkatsu,1,pork,"{'Egg': ['Each', 1], 'Pork Chop': ['Each', 2], 'Mayonnaise': ['Tbsp', 1], 'All-Purpose Flour': ['Tbsp', 4], 'Panko': ['Cup', 3], 'Canola Oil': ['Cup', 0.5]}",new,fried,1
Tonkatsu (Chicken),1,chicken,"{'Egg': ['Each', 1], 'Chicken Breast': ['Each', 1], 'Mayonnaise': ['Tbsp', 1], 'All-Purpose Flour': ['Tbsp', 4], 'Panko': ['Cup', 3], 'Canola Oil': ['Cup', 0.5]}",new,fried,1
Tortellini Soup,0,pork,"{'Ground Italian Sausage': ['Lb', 1], 'Butter': ['Tbsp', 3], 'Garlic': ['Clove', 2], 'Celery': ['Rib', 2], 'Carrot': ['Each', 1], 'Yellow Onion': ['Each', 0.5], 'Chicken Stock': ['Cup', 4], 'Tortellini': ['Dry Oz', 6], 'Curly Parsley': ['Tbsp', 2], 'Ground Nutmeg': ['Tsp', 1], 'Spinach': ['Dry Oz', 8]}",soup,None,2
Vegetable Tempura Udon Soup,1,veggie,"{'Asparagus': ['Lb', 0.5], 'Yellow Turnip': ['Each', 1], 'Gold Potato': ['Each', 1], 'Carrot': ['Each', 3], 'Egg': ['Each', 1], 'All-Purpose Flour': ['Dry Oz', 5.5], 'Canola Oil': ['Cup', 4], 'Kombu': ['Each', 2], 'Sake': ['Tbsp', 1.5], 'Mirin': ['Tbsp', 2], 'Soy Sauce': ['Tbsp', 2], 'Fresh Udon': ['Each', 1], 'Green Onion': ['Each', 4]}",new,soup,1
Vichyssoise,1,veggie,"{'Butter': ['Tbsp', 2], 'Leek': ['Each', 4], 'Gold Potato': ['Each', 1], 'Chicken Stock': ['Cup', 1], 'Heavy Cream': ['Cup', 1], 'Dry Chive': ['Tsp', 1], 'Ground Nutmeg': ['Tsp', 0.13]}",new,soup,1
White Pizza,1,veggie,"{'Active Dry Yeast': ['Tsp', 3], 'Honey': ['Tbsp', 1], 'Olive Oil': ['Tbsp', 1], 'All-Purpose Flour': ['Cup', 3.13], 'Kosher Salt': ['Tsp', 1.25], 'Unsalted Butter': ['Tbsp', 2], 'Half-and-Half': ['Cup', 0.75], 'Ground Nutmeg': ['Tsp', 0.25], 'Provolone Cheese': ['Cup', 1], 'Shredded Mozzarella': ['Cup', 1], 'Fontina Cheese': ['Cup', 0.5], 'Shredded Parmesan': ['Cup', 0.25], 'Burrata': ['Each', 2]}",new,pizza,1
Wonton Soup,1,seafood,"{'Ground Pork': ['Dry Oz', 5], 'Shrimp': ['Dry Oz', 3], 'Soy Sauce': ['Tbsp', 2], 'Sesame Oil': ['Tsp', 1], 'Cornstarch': ['Tsp', 1], 'Egg': ['Each', 1], 'Granulated Sugar': ['Tsp', 0.5], 'Garlic': ['Clove', 2], 'Green Onion': ['Each', 1], 'Wonton Wrappers': ['Each', 36], 'Chicken Stock': ['Cup', 4]}",new,soup,1
Xiao Long Bao,1,pork,"{'Ginger': ['Each', 2], 'Green Onion': ['Each', 3], 'Shaoxing': ['Tbsp', 2], 'Bread Flour': ['Cup', 0.75], 'All-Purpose Flour': ['Tbsp', 6], 'Canola Oil': ['Tsp', 1.5], 'Sesame Oil': ['Tsp', 1.5], 'Soy Sauce': ['Tsp', 1], 'Granulated Sugar': ['Tsp', 1.5], 'Kosher Salt': ['Tsp', 0.5], 'White Pepper': ['Tsp', 0.13], 'Ground Pork': ['Lb', 0.5], 'Chinkiang Vinegar': ['Cup', 0.25]}",new,soup,1
Yakisoba Beef,0,beef,"{'Flank Steak': ['Lb', 0.5], 'Canola Oil': ['Tbsp', 2], 'Yellow Onion': ['Each', 0.5], 'Napa Cabbage': ['Leaf', 2], 'Carrot': ['Each', 1], 'Red Bell Pepper': ['Each', 1], 'Soba Noodles': ['Dry Oz', 8]}",new,stir fry,1
Yakisoba Chicken,0,chicken,"{'Chicken Breast': ['Lb', 0.5], 'Canola Oil': ['Tbsp', 2], 'Yellow Onion': ['Each', 0.5], 'Napa Cabbage': ['Leaf', 2], 'Carrot': ['Each', 1], 'Red Bell Pepper': ['Each', 1], 'Soba Noodles': ['Dry Oz', 8]}",new,stir fry,1
Yakisoba Pork,0,pork,"{'Pork Chop': ['Each', 2], 'Canola Oil': ['Tbsp', 2], 'Yellow Onion': ['Each', 0.5], 'Napa Cabbage': ['Leaf', 2], 'Carrot': ['Each', 1], 'Red Bell Pepper': ['Each', 1], 'Soba Noodles': ['Dry Oz', 8]}",new,stir fry,1
Yakisoba Pork Belly,0,pork,"{'Bacon': ['Dry Oz', 6], 'Canola Oil': ['Tbsp', 2], 'Yellow Onion': ['Each', 0.5], 'Napa Cabbage': ['Leaf', 2], 'Carrot': ['Each', 1], 'Red Bell Pepper': ['Each', 1], 'Soba Noodles': ['Dry Oz', 8]}",new,stir fry,1
Yakisoba Veggie,0,veggie,"{'Canola Oil': ['Tbsp', 2], 'Yellow Onion': ['Each', 0.5], 'Napa Cabbage': ['Leaf', 4], 'Carrot': ['Each', 2], 'Red Bell Pepper': ['Each', 2], 'Baby Corn': ['Dry Oz', 7], 'Soba Noodles': ['Dry Oz', 8]}",new,stir fry,1
Yakitori Chicken,0,chicken,"{'Chicken Thigh': ['Each', 6], 'Green Onion': ['Each', 2], 'Teriyaki Sauce': ['Cup', 0.5]}",new,None,1
Yang Chun Mian,0,None,"{'Chinese Egg Noodles': ['Dry Oz', 10], 'Chicken Stock': ['Cup', 5], 'Light Soy Sauce': ['Tbsp', 4], 'Dark Soy Sauce': ['Tsp', 0.5], 'Granulated Sugar': ['Tsp', 0.5], 'Green Onion': ['Tbsp', 2]}",new,soup,1
Zuppa Toscana,0,pork,"{'Ground Italian Sausage': ['Lb', 1], 'Garlic': ['Clove', 2], 'Yellow Onion': ['Each', 1], 'Russet Potato': ['Each', 4], 'Chicken Stock': ['Cup', 4], 'Kale': ['Lb', 0.5], 'Heavy Cream': ['Cup', 0.75]}",soup,potato soup,2